id,title,author,score,num_comments,permalink,created_at,flair
1tzaugj,To my students,f311a,818,235,https://www.reddit.com/r/programming/comments/1tzaugj/to_my_students/,2026-06-07T12:29:22Z,
1u089ai,VS Code Adds 2-Hour Extension Auto-Update Delay to Limit Supply Chain Attacks,CircumspectCapybara,782,108,https://www.reddit.com/r/programming/comments/1u089ai/vs_code_adds_2hour_extension_autoupdate_delay_to/,2026-06-08T13:40:51Z,
1twg7mu,Elixir v1.20 released: now a gradually typed language,f311a,529,141,https://www.reddit.com/r/programming/comments/1twg7mu/elixir_v120_released_now_a_gradually_typed/,2026-06-04T07:14:11Z,
1tyalr6,The perils of UUID primary keys in SQLite,andersmurphy,408,137,https://www.reddit.com/r/programming/comments/1tyalr6/the_perils_of_uuid_primary_keys_in_sqlite/,2026-06-06T07:27:40Z,
1tydqbt,Stop Using Conventional Commits,f311a,369,190,https://www.reddit.com/r/programming/comments/1tydqbt/stop_using_conventional_commits/,2026-06-06T10:32:53Z,
1txlq6l,Configuration flags are where software goes to rot,Expurple,304,168,https://www.reddit.com/r/programming/comments/1txlq6l/configuration_flags_are_where_software_goes_to_rot/,2026-06-05T13:57:30Z,
1u10n7z,SQLite improving performance with pre-sort,andersmurphy,287,62,https://www.reddit.com/r/programming/comments/1u10n7z/sqlite_improving_performance_with_presort/,2026-06-09T10:01:53Z,
1twlx1p,"Single responsibility, the distorted principle",Illustrious-Topic-50,267,174,https://www.reddit.com/r/programming/comments/1twlx1p/single_responsibility_the_distorted_principle/,2026-06-04T12:16:07Z,
1u098uy,Lies We Tell Ourselves About Email Addresses,theghostofm,262,86,https://www.reddit.com/r/programming/comments/1u098uy/lies_we_tell_ourselves_about_email_addresses/,2026-06-08T14:17:00Z,
1txf7qk,You Don't Love systemd Timers Enough,f311a,249,57,https://www.reddit.com/r/programming/comments/1txf7qk/you_dont_love_systemd_timers_enough/,2026-06-05T08:47:26Z,
1twhl2t,"Pandas as a reason to learn Python, even if you’re not doing data science",Horror-Willingness74,218,101,https://www.reddit.com/r/programming/comments/1twhl2t/pandas_as_a_reason_to_learn_python_even_if_youre/,2026-06-04T08:33:38Z,
1u09rah,Why Compiler Engineers Rarely Use Strassen's Algorithm for Fast Matrix Multiplications,DataBaeBee,199,53,https://www.reddit.com/r/programming/comments/1u09rah/why_compiler_engineers_rarely_use_strassens/,2026-06-08T14:36:19Z,
1tybuv7,The cover of C++: The Programming Language raises questions not answered by the cover,lelanthran,181,25,https://www.reddit.com/r/programming/comments/1tybuv7/the_cover_of_c_the_programming_language_raises/,2026-06-06T08:41:41Z,
1u28egw,The unwritten laws of software engineering,fagnerbrack,171,51,https://www.reddit.com/r/programming/comments/1u28egw/the_unwritten_laws_of_software_engineering/,2026-06-10T17:12:01Z,
1u1512l,someone actually leaked the Miasma supply chain attack toolkit source code on github,BattleRemote3157,158,11,https://www.reddit.com/r/programming/comments/1u1512l/someone_actually_leaked_the_miasma_supply_chain/,2026-06-09T13:29:08Z,
1tzfefn,"Getting silly with C, part &((int*)-8)[3]",f311a,147,16,https://www.reddit.com/r/programming/comments/1tzfefn/getting_silly_with_c_part_int83/,2026-06-07T15:38:07Z,
1txe9b5,A faster bump allocator for rust,Successful_Bowl2564,139,18,https://www.reddit.com/r/programming/comments/1txe9b5/a_faster_bump_allocator_for_rust/,2026-06-05T07:50:21Z,
1tw9pl9,A tale about fixing eBPF spinlock issues in the Linux kernel,fagnerbrack,139,23,https://www.reddit.com/r/programming/comments/1tw9pl9/a_tale_about_fixing_ebpf_spinlock_issues_in_the/,2026-06-04T01:51:56Z,
1u06itn,Hot path optimization. When float division beats integer division,watman12,133,32,https://www.reddit.com/r/programming/comments/1u06itn/hot_path_optimization_when_float_division_beats/,2026-06-08T12:30:52Z,
1tz9cp7,Reverse engineering the Creative Katana V2X soundbar to be able to control it from Linux,throwaway16830261,114,12,https://www.reddit.com/r/programming/comments/1tz9cp7/reverse_engineering_the_creative_katana_v2x/,2026-06-07T11:13:31Z,
1twnahx,Stealing from Biologists to Compile Haskell Faster,mooreds,114,5,https://www.reddit.com/r/programming/comments/1twnahx/stealing_from_biologists_to_compile_haskell_faster/,2026-06-04T13:12:30Z,
1txhxly,JPEG compression deep dive,fagnerbrack,88,6,https://www.reddit.com/r/programming/comments/1txhxly/jpeg_compression_deep_dive/,2026-06-05T11:14:26Z,
1u0vb76,"Cache Stampede Prevention: Distributed Locking, Pub/Sub, and Request Coalescing",Local_Ad_6109,88,6,https://www.reddit.com/r/programming/comments/1u0vb76/cache_stampede_prevention_distributed_locking/,2026-06-09T04:53:09Z,
1tzeb9a,#JavaNext Language Features,joemwangi,88,36,https://www.reddit.com/r/programming/comments/1tzeb9a/javanext_language_features/,2026-06-07T14:55:55Z,
1u0epow,"You can fork a package, but can you own it?",Adventurous-Salt8514,84,6,https://www.reddit.com/r/programming/comments/1u0epow/you_can_fork_a_package_but_can_you_own_it/,2026-06-08T17:32:25Z,
1u12rbh,Catlantean 3D - Making Graphics Like It's 1993,Dear-Economics-315,69,4,https://www.reddit.com/r/programming/comments/1u12rbh/catlantean_3d_making_graphics_like_its_1993/,2026-06-09T11:51:42Z,
1twl8ip,Scala Was an Experiment That Changed Programming - Martin Odersky | The Marco Show,makingthematrix,65,106,https://www.reddit.com/r/programming/comments/1twl8ip/scala_was_an_experiment_that_changed_programming/,2026-06-04T11:46:16Z,
1txh6as,Using local ClickHouse for data processing,f311a,60,5,https://www.reddit.com/r/programming/comments/1txh6as/using_local_clickhouse_for_data_processing/,2026-06-05T10:36:01Z,
1twizqa,The Schema Proliferation Problem in Kafka and Flink Pipelines: How to Solve It,nilukush,38,3,https://www.reddit.com/r/programming/comments/1twizqa/the_schema_proliferation_problem_in_kafka_and/,2026-06-04T09:53:42Z,
1twww78,Porting our Django backend to Rust improved the infra usage by 90%,syrusakbary,37,43,https://www.reddit.com/r/programming/comments/1twww78/porting_our_django_backend_to_rust_improved_the/,2026-06-04T18:52:56Z,
1u04bdc,Native Elm (the real kind this time) · cekrem.github.io,cekrem,32,19,https://www.reddit.com/r/programming/comments/1u04bdc/native_elm_the_real_kind_this_time_cekremgithubio/,2026-06-08T10:45:32Z,
1u194jv,How to read distributed traces when you didn’t write the code,elizObserves,18,0,https://www.reddit.com/r/programming/comments/1u194jv/how_to_read_distributed_traces_when_you_didnt/,2026-06-09T15:57:06Z,
1tzxrpz,Building a spaced repetition system that adapts to user pace in real-time (Kotlin/Compose),No-Position-7728,15,2,https://www.reddit.com/r/programming/comments/1tzxrpz/building_a_spaced_repetition_system_that_adapts/,2026-06-08T04:33:49Z,
1u29255,C3 0.8.1 released: Raiding the stdlib for bugs,Nuoji,14,0,https://www.reddit.com/r/programming/comments/1u29255/c3_081_released_raiding_the_stdlib_for_bugs/,2026-06-10T17:34:44Z,
1twglxs,Finding Hermite Normal Form and Solving Linear Diophantines Using LLL,DataBaeBee,12,1,https://www.reddit.com/r/programming/comments/1twglxs/finding_hermite_normal_form_and_solving_linear/,2026-06-04T07:36:47Z,
1u09npb,Poor Man's Time Machine: Lazy Evaluation in JavaScript and Haskell,sayyadirfanali,9,0,https://www.reddit.com/r/programming/comments/1u09npb/poor_mans_time_machine_lazy_evaluation_in/,2026-06-08T14:32:41Z,
1u0m4sm,Building a Detection Layer on PostgreSQL with Sigma Rules,Happycodeine,11,0,https://www.reddit.com/r/programming/comments/1u0m4sm/building_a_detection_layer_on_postgresql_with/,2026-06-08T21:56:28Z,
1u06nad,System Dynamics Course | Chapter 16: Discrete-Time and Sampled-Data System Dynamics,abolfazl1363,6,0,https://www.reddit.com/r/programming/comments/1u06nad/system_dynamics_course_chapter_16_discretetime/,2026-06-08T12:36:21Z,
1u149mq,"How we sync Postgres to the browser: ElectricSQL for rows, Yjs for documents",jxd-dev,3,1,https://www.reddit.com/r/programming/comments/1u149mq/how_we_sync_postgres_to_the_browser_electricsql/,2026-06-09T12:58:52Z,
1twbkd5,LLL Algorithm for Computer Scientists,DataBaeBee,2,2,https://www.reddit.com/r/programming/comments/1twbkd5/lll_algorithm_for_computer_scientists/,2026-06-04T03:16:09Z,
1u1ahi4,Inferencing Text Diffusion Models in Python and C,DataBaeBee,0,0,https://www.reddit.com/r/programming/comments/1u1ahi4/inferencing_text_diffusion_models_in_python_and_c/,2026-06-09T16:44:45Z,
1u1zb27,ReactJS Syntax For Web Components,Accurate-Screen8774,0,3,https://www.reddit.com/r/programming/comments/1u1zb27/reactjs_syntax_for_web_components/,2026-06-10T11:20:23Z,
1u0w9bc,"120,000 Lines of Rust: Inside the Nosdesk Backend",BlondieCoder,0,3,https://www.reddit.com/r/programming/comments/1u0w9bc/120000_lines_of_rust_inside_the_nosdesk_backend/,2026-06-09T05:43:21Z,
1u0nnjp,An opinionated logging setup in Go,Mellowww,0,0,https://www.reddit.com/r/programming/comments/1u0nnjp/an_opinionated_logging_setup_in_go/,2026-06-08T22:57:44Z,
1u1t9yi,The Smart Dumb Programmer,fagnerbrack,0,5,https://www.reddit.com/r/programming/comments/1u1t9yi/the_smart_dumb_programmer/,2026-06-10T05:40:43Z,
1twoqch,Basic Type System Terminology,legoman25,0,13,https://www.reddit.com/r/programming/comments/1twoqch/basic_type_system_terminology/,2026-06-04T14:07:13Z,
1twxhjy,How we reduced the time to run tests from hours to just minutes,henk53,0,17,https://www.reddit.com/r/programming/comments/1twxhjy/how_we_reduced_the_time_to_run_tests_from_hours/,2026-06-04T19:13:44Z,
1u013qa,The Day I Decided Never to Learn Python,Active-Fuel-49,0,15,https://www.reddit.com/r/programming/comments/1u013qa/the_day_i_decided_never_to_learn_python/,2026-06-08T07:40:03Z,
